Model,RMSE,R2,MAE,MSE,MAPE
Linear Regression,126072.82090703481,0.9184531418585569,50003.032928772416,15894356171.457273,
Decision Tree,121368.46482614652,0.9244253734819923,23977.052158743732,14730304254.255566,
Random Forest,102612.38002004694,0.9459788513821056,20003.07144768561,10529300533.378529,
GBT,98981.02441690661,0.9497347113434121,23584.73820279731,9797243194.620264,
Tuned RF,107918.6273213232,0.9402473573108057,17439.913703418057,11646430122.918646,
