Model,RMSE,R2,MAE,Training_Time
Linear Regression,126072.82090703481,0.9184531418585569,50003.032928772416,29.032401084899902
Decision Tree,121368.46482614652,0.9244253734819923,23977.052158743732,34.14824151992798
Random Forest,102612.38002004694,0.9459788513821056,20003.07144768561,447.0516188144684
GBT,98981.02441690661,0.9497347113434121,23584.73820279731,425.7118730545044
Tuned RF,107918.6273213232,0.9402473573108057,17439.913703418057,1934.671469449997
