sample_fraction,sample_size,training_time
0.1,340936,48.28647565841675
0.2,682352,92.32572793960571
0.5,1705749,217.83560752868652
1.0,3407564,429.32115030288696
